{
  "model/models-dbg.js": 1610015837072,
  "Component.js": 1610015837072,
  "model/models.js": 1610015837072,
  "controller/App.controller.js": 1610015837076,
  "manifest.json": 1610033179245,
  "manifest-bundle.zip": 1610033178960,
  "Component-preload.js": 1610033179217,
  "controller/App-dbg.controller.js": 1610015837076,
  "i18n/i18n.properties": 1610015837072,
  "Component-dbg.js": 1610015837072,
  "resources.json": 1610033179247,
  "view/App.view.xml": 1610019272236,
  "css/style.css": 1610015837072,
  "index.html": 1610015837072
}